{"oversample_stratify": {"0.1": {"Average Accuracy": 0.7385474860335196, "Average Recall": 0.9695121951219511, "Average Precision": 0.2556961296751861, "Average AUC-ROC": 0.8423821738217382}, "0.2": {"Average Accuracy": 0.8755121042830539, "Average Recall": 0.9481707317073171, "Average Precision": 0.4207678560213597, "Average AUC-ROC": 0.9081772067720677}, "0.30000000000000004": {"Average Accuracy": 0.9301675977653631, "Average Recall": 0.9339430894308943, "Average Precision": 0.5729897731541077, "Average AUC-ROC": 0.9318649436494365}, "0.4": {"Average Accuracy": 0.9573556797020485, "Average Recall": 0.9217479674796749, "Average Precision": 0.7042436478297409, "Average AUC-ROC": 0.9413475384753848}, "0.5": {"Average Accuracy": 0.9693668528864059, "Average Recall": 0.9115853658536586, "Average Precision": 0.7876523175390906, "Average AUC-ROC": 0.9433900589005891}, "0.6": {"Average Accuracy": 0.9762569832402234, "Average Recall": 0.9054878048780489, "Average Precision": 0.8464122672361006, "Average AUC-ROC": 0.9444413194131943}, "0.7000000000000001": {"Average Accuracy": 0.9790502793296089, "Average Recall": 0.8892276422764227, "Average Precision": 0.883318729209262, "Average AUC-ROC": 0.9386687616876168}, "0.8": {"Average Accuracy": 0.9800744878957168, "Average Recall": 0.8739837398373984, "Average Precision": 0.9053350497437672, "Average AUC-ROC": 0.9323793237932377}, "0.9": {"Average Accuracy": 0.9795158286778399, "Average Recall": 0.8333333333333334, "Average Precision": 0.9361474158025883, "Average AUC-ROC": 0.9137966379663797}}}