{"undersample_stratify": {"0.1": {"Average Accuracy": 0.7191806331471136, "Average Recall": 0.9664634146341463, "Average Precision": 0.2419621504316846, "Average AUC-ROC": 0.8303514285142851}, "0.2": {"Average Accuracy": 0.8811918063314712, "Average Recall": 0.9471544715447154, "Average Precision": 0.4324424777043485, "Average AUC-ROC": 0.9108466084660846}, "0.30000000000000004": {"Average Accuracy": 0.9375232774674115, "Average Recall": 0.9319105691056911, "Average Precision": 0.6029161676802939, "Average AUC-ROC": 0.9349999749997501}, "0.4": {"Average Accuracy": 0.9608938547486033, "Average Recall": 0.9237804878048781, "Average Precision": 0.7254089321135684, "Average AUC-ROC": 0.944208817088171}, "0.5": {"Average Accuracy": 0.9727188081936685, "Average Recall": 0.9095528455284553, "Average Precision": 0.814818918767474, "Average AUC-ROC": 0.9443213182131821}, "0.6": {"Average Accuracy": 0.9779329608938547, "Average Recall": 0.8983739837398375, "Average Precision": 0.8660319250279279, "Average AUC-ROC": 0.9421656716567165}, "0.7000000000000001": {"Average Accuracy": 0.9790502793296089, "Average Recall": 0.8780487804878048, "Average Precision": 0.8919111001165714, "Average AUC-ROC": 0.9336430864308644}, "0.8": {"Average Accuracy": 0.9797020484171323, "Average Recall": 0.855691056910569, "Average Precision": 0.917749731471536, "Average AUC-ROC": 0.923950489504895}, "0.9": {"Average Accuracy": 0.9780260707635008, "Average Recall": 0.8130081300813008, "Average Precision": 0.9390305425508553, "Average AUC-ROC": 0.9038390383903838}}}