{"factor_analysis": {"Accuracy": 0.9777467411545624, "Recall": 0.8700541073014775, "Precision": 0.8841646767689776, "AUC": 0.9292878156187653, "FittingTime": 9.679794311523438}}