{"original": {"Accuracy": 0.9794227188081935, "Recall": 0.8946069177455337, "Precision": 0.8817926564086714, "AUC": 0.9412563032083976, "FittingTime": 122.84517288208008}}