{"pca": {"Accuracy": 0.9593109869646183, "Recall": 0.8529359774375176, "Precision": 0.7407650617898857, "AUC": 0.9114546860733274, "FittingTime": 23.087819417317707}}