{"Decision Tree_stratify": {"0.1": {"Average Accuracy": 0.9677839851024208, "Average Recall": 0.83130081300813, "Average Precision": 0.8199096805848926, "Average AUC-ROC": 0.9064253142531425}, "0.2": {"Average Accuracy": 0.9673184357541899, "Average Recall": 0.8313008130081302, "Average Precision": 0.8155808947537082, "Average AUC-ROC": 0.906169061690617}, "0.30000000000000004": {"Average Accuracy": 0.9667597765363128, "Average Recall": 0.8302845528455284, "Average Precision": 0.8114605846278575, "Average AUC-ROC": 0.9054046790467906}, "0.4": {"Average Accuracy": 0.9673184357541899, "Average Recall": 0.823170731707317, "Average Precision": 0.8206519561247632, "Average AUC-ROC": 0.9025140251402514}, "0.5": {"Average Accuracy": 0.9675977653631285, "Average Recall": 0.83130081300813, "Average Precision": 0.8181614517414765, "Average AUC-ROC": 0.9063228132281322}, "0.6": {"Average Accuracy": 0.9674115456238361, "Average Recall": 0.8292682926829268, "Average Precision": 0.8176617187109451, "Average AUC-ROC": 0.9053065530655307}, "0.7000000000000001": {"Average Accuracy": 0.9682495344506518, "Average Recall": 0.8292682926829267, "Average Precision": 0.8251145393259129, "Average AUC-ROC": 0.9057678076780769}, "0.8": {"Average Accuracy": 0.9674115456238361, "Average Recall": 0.8272357723577235, "Average Precision": 0.8189257657987628, "Average AUC-ROC": 0.9043927939279391}, "0.9": {"Average Accuracy": 0.9673184357541901, "Average Recall": 0.8252032520325203, "Average Precision": 0.8196658258227844, "Average AUC-ROC": 0.9034277842778428}}}