{"Logistic Regression_stratify": {"0.1": {"Average Accuracy": 0.9697392923649906, "Average Recall": 0.9136178861788617, "Average Precision": 0.7895850486411057, "Average AUC-ROC": 0.9445088200882008}, "0.2": {"Average Accuracy": 0.9789571694599627, "Average Recall": 0.8790650406504065, "Average Precision": 0.8900281326637974, "Average AUC-ROC": 0.934048715487155}, "0.30000000000000004": {"Average Accuracy": 0.9802607076350093, "Average Recall": 0.8628048780487805, "Average Precision": 0.9168916582462773, "Average AUC-ROC": 0.9274561495614956}, "0.4": {"Average Accuracy": 0.9798882681564246, "Average Recall": 0.8384146341463414, "Average Precision": 0.9353911924243817, "Average AUC-ROC": 0.9162860378603787}, "0.5": {"Average Accuracy": 0.9786778398510242, "Average Recall": 0.8180894308943089, "Average Precision": 0.9415020933067536, "Average AUC-ROC": 0.9064821898218982}, "0.6": {"Average Accuracy": 0.9773743016759777, "Average Recall": 0.7926829268292682, "Average Precision": 0.9524361812829546, "Average AUC-ROC": 0.8943426934269342}, "0.7000000000000001": {"Average Accuracy": 0.9753258845437616, "Average Recall": 0.7611788617886179, "Average Precision": 0.9615649197890304, "Average AUC-ROC": 0.8790519155191552}, "0.8": {"Average Accuracy": 0.9728119180633147, "Average Recall": 0.730691056910569, "Average Precision": 0.963792097922244, "Average AUC-ROC": 0.8639617646176463}, "0.9": {"Average Accuracy": 0.9697392923649907, "Average Recall": 0.6859756097560975, "Average Precision": 0.976828468826723, "Average AUC-ROC": 0.8421677966779667}}}