{"Random Forest_stratify": {"0.1": {"Average Accuracy": 0.9597765363128491, "Average Recall": 0.9146341463414634, "Average Precision": 0.7211944816345538, "Average AUC-ROC": 0.9394818948189482}, "0.2": {"Average Accuracy": 0.9745810055865922, "Average Recall": 0.8973577235772359, "Average Precision": 0.8372394627874105, "Average AUC-ROC": 0.9398637736377364}, "0.30000000000000004": {"Average Accuracy": 0.9783054003724395, "Average Recall": 0.8821138211382115, "Average Precision": 0.8815058744059251, "Average AUC-ROC": 0.9350606006060059}, "0.4": {"Average Accuracy": 0.9797020484171322, "Average Recall": 0.866869918699187, "Average Precision": 0.9076404712701369, "Average AUC-ROC": 0.9289761647616476}, "0.5": {"Average Accuracy": 0.9798882681564246, "Average Recall": 0.8516260162601625, "Average Precision": 0.923030772173323, "Average AUC-ROC": 0.9222254722547225}, "0.6": {"Average Accuracy": 0.9781191806331472, "Average Recall": 0.8140243902439024, "Average Precision": 0.9391309923570484, "Average AUC-ROC": 0.9043471684716847}, "0.7000000000000001": {"Average Accuracy": 0.9771880819366853, "Average Recall": 0.7835365853658537, "Average Precision": 0.9600991777936212, "Average AUC-ROC": 0.890128276282763}, "0.8": {"Average Accuracy": 0.975977653631285, "Average Recall": 0.7601626016260162, "Average Precision": 0.9714147286821705, "Average AUC-ROC": 0.8789537895378955}, "0.9": {"Average Accuracy": 0.9701117318435754, "Average Recall": 0.6859756097560976, "Average Precision": 0.9826589479748434, "Average AUC-ROC": 0.8423727987279873}}}