{"SVM_stratify": {"0.1": {"Average Accuracy": 0.9795158286778398, "Average Recall": 0.8760162601626016, "Average Precision": 0.8979290162338825, "Average AUC-ROC": 0.9329855798557984}, "0.2": {"Average Accuracy": 0.9799813780260708, "Average Recall": 0.8536585365853658, "Average Precision": 0.9220625996896787, "Average AUC-ROC": 0.9231904819048191}, "0.30000000000000004": {"Average Accuracy": 0.9795158286778399, "Average Recall": 0.8424796747967479, "Average Precision": 0.9272950499748297, "Average AUC-ROC": 0.9179085540855408}, "0.4": {"Average Accuracy": 0.978584729981378, "Average Recall": 0.8211382113821138, "Average Precision": 0.9373583996570592, "Average AUC-ROC": 0.9078015780157802}, "0.5": {"Average Accuracy": 0.9783985102420857, "Average Recall": 0.8119918699186992, "Average Precision": 0.9443972693972693, "Average AUC-ROC": 0.9035871608716087}, "0.6": {"Average Accuracy": 0.978584729981378, "Average Recall": 0.8069105691056911, "Average Precision": 0.9520502419172883, "Average AUC-ROC": 0.9014052640526405}, "0.7000000000000001": {"Average Accuracy": 0.9783985102420857, "Average Recall": 0.7987804878048781, "Average Precision": 0.9585685812943109, "Average AUC-ROC": 0.8976477264772648}, "0.8": {"Average Accuracy": 0.9778398510242085, "Average Recall": 0.7865853658536586, "Average Precision": 0.965047819424338, "Average AUC-ROC": 0.8918576685766858}, "0.9": {"Average Accuracy": 0.9759776536312849, "Average Recall": 0.7642276422764228, "Average Precision": 0.9665201310079669, "Average AUC-ROC": 0.8807813078130781}}}